country,localname
AL,Shqipëri
GR,Ελληνική Δημοκρατία
CY,Κυπριακή Δημοκρατία
MK,Република Cеверна Македонија
SRB,Република Србија
MNE,Црна Гора
KOS,Republika e Kosovës
AND,Principat d'Andorra
F,la République française
E,el Reino de España
CZ,Česko
SK,Slovensko
D,Bundesrepublik Deutschland (die)
H,Magyar Köztársaság (a)
I,Repubblica Italiana (la)
FL,Fürstentum Liechtenstein (das)
A,Republik Österreich (die)
EST,Eesti Vabariik
LV,Latvijas Republika
LT,Lietuvos Respublika
BY,Рэспубліка Беларусь
PL,Rzeczpospolita Polska
UA,Украïна
R,Россия
B,Koninkrijk België (het)
L,le Grand-Duché de Luxembourg
NL,Koninkrijk der Nederlanden (het)
SLO,Republika Slovenija
HR,Republika Hrvatska
BIH,Bosna i Hercegovina
BG,Република България
RO,România
DK,Kongeriget Danmark
IS,Lýðveldið Ísland
FO,Føroyar
IRL,Ireland
SF,Suomen tasavalta
N,Norge
MC,la Principauté de Monaco
V,Status Civitatis Vaticanae
RSM,Repubblica di San Marino (la)
M,the Republic of Malta
GBM,the Isle of Man
MD,Republica Moldova
P,República Portuguesa (a)
SVA,Svalbard
GB,the United Kingdom of Great Britain and Northern Ireland
GBG,the Bailiwick of Guernsey
GBJ,the Bailiwick of Jersey
ARM,Հայաստանի Հանրապետություն
GE,საქართველო
AZ,Azǝrbaycan Respublikası
TR,Türkiye Cumhuriyeti
RL,الجمهورية
WB,الضفة الغربية
GAZA,قطاع غزّة
IL,دولة إسرائيل
SYR,الجمهورية العربية السورية
JOR,المملكة الأردنية الهاشمية
SA,المملكةة
BRN,البحرين
Q,دولة قطر
UAE,الإمارات العربية المتحدة
OM,سلطنة عمان
YE,الجمهورية اليمنية
KWT,دولة الكويت
IRQ,جمهورية العراق
IR,جُمْهُورِئ إِسْلامِئ إِيرَان
AFG,جُمْهُورِئ إِسْلامِئ أَفْغَانِسْتَان
TM,Türkmenistan
UZ,Oʻzbekiston
TJ,Љумњурии Тољикистон
KG,Кыргыз Республикасы
KZ,Қазақстан Республикасы
MNG,Монгол улс
MV,ދިވެހިރާއްޖޭގެ ޖުމުހޫރިއްޔާ
PK,the Islamic Republic of Pakistan
IND,the Republic of India
NEP,संघीय लोकतान्त्रिक गणतन्त्र नेपाल
BHT,འབྲུག་གྷལ་ཁབ
BD,গণপ্রজাতন্ত্রী বাংলাদেশ
MYA,ပြည်ထောင်စု သမ္မတ မြန်မာနိုင်ငံတော်
CL,ශ්‍රී ලංකා ප්‍රජාතාන්ත්‍රික සමාජවාදී ජනරජය
CN,中國
RC,中華民國
HK,香港
MAC,澳門
KP,조선 민주주의 인민 공화국
ROK,대한 민국
J,日本
RP,the Republic of the Philippines
VN,Việt Nam
K,ព្រះរាជាណាចក្រ កម្ពុជា
LAO,ສາທາລະນະລັດປະຊາທິປະໄຕປະຊາຊົນລາວ
THA,ราชอาณาจักรไทย
MAL,Malaysia
BRU,Brunei Darussalam
SGP,新加坡共和国
RI,Republik Indonesia
TL,República Democrática de Timor-Leste
PNG,Papua New Guinea
SOL,Solomon Islands
AUS,Australia
NZ,New Zealand
PAL,Beluu er a Belau
MP,Sankattan Siha Na Islas Mariånas
FSM,the Federated States of Micronesia
MH,The Republic of the Marshall Islands
NAU,the Republic of Nauru
KIR,the Republic of Kiribati
TUV,Tuvalu
TOK,Tokelau
WS,Malo Saʻoloto Tutoʻatasi o Sāmoa
WF,Uvea mo Futuna
FJI,the Republic of the Fiji Islands
TO,the Kingdom of Tonga
NU,Niuē
CK,Cook Islands
PF,Pōrīnetia Farāni
ET,جمهورية مصر العربية
LAR,لِيبِيَا
TN,الجمهورية التونسية
DZ,الجزائر
MA,المملكة المغربية
WSA,الصحراء الغربية
RMM,la République du Mali
RIM,الجمهورية الإسلامية الموريتانية
WAG,The Republic of the Gambia
GUB,República da Guiné-Bissau (a)
RG,la République de Guinée
SLE,the Republic of Sierra Leone
LB,the Republic of Liberia
BF,le Burkina Faso
CI,la République de Côte d'Ivoire
GH,the Republic of Ghana
BEN,la République du Bénin
NGR,the Federal Republic of Nigeria
RN,la République du Niger
TCH,جمهورية تشاد
SUD,جمهورية السودان
SSD,the Republic of South Sudan
RCA,la République centrafricaine
CAM,the Republic of Cameroon
GQ,la République de Guinée équatoriale
G,la République Gabonaise
RCB,la République du Congo
CGO,la République démocratique du Congo
NAM,the Republic of Namibia
RB,the Republic of Botswana
RSA,Republiek van Suid-Afrika
LS,the Kingdom of Lesotho
SD,Kingdom of Eswatini
MOC,República de Moçambique (a)
MW,Dziko la Malaŵi
EAT,Jamhuri ya Muungano wa Tanzania
BI,la République du Burundi
RWA,the Republic of Rwanda
EAK,the Republic of Kenya
SO,جُمْهُورِيَّة الصُّومَال
DJI,جمهورية جيبوتي
ETH,የኢትዮጵያ ፈደራላዊ ዲሞክራሲያዊ ሪፐብሊክ
ER,إريتريا
CV,República de Cabo Verde (a)
STP,República Democrática de São Tomé e Príncipe (a)
SY,Repiblik Sesel
COM,اتحاد جزر القمر
RM,la République de Madagascar
MS,The Republic of Mauritius
GL,Kalaallit Nunaat
CDN,Canada
GCA,República de Guatemala (la)
ES,la República de El Salvador
HN,la República de Honduras
NIC,la República de Nicaragua
CR,la República de Costa Rica
PA,la República de Panamá
BS,the Commonwealth of the Bahamas
JA,Jamaica
RH,la République d' Haïti
SMAR,Collectivité de Saint-Martin
SX,Sint Maarten
SBAR,Collectivité de Saint-Barthélemy
KN,Saint Kitts and Nevis
AG,Antigua and Barbuda
WD,the Commonwealth of Dominica
WL,Saint Lucia
BDS,Barbados
WV,Saint Vincent and the Grenadines
WG,Grenada
TT,the Republic of Trinidad and Tobago
CUR,Land Curaçao
ARU,Aruba
GUY,the Republic of Guyana
SME,Republiek Suriname (de)
CO,la República de Colombia
PE,Piruw Suyu
BOL,Estado Plurinacional de Bolivia (el)
PY,Paraguay Retãn
ROU,la República Oriental del Uruguay
