city,province,country,lake
Shkodër,Albania,AL,Lake Skutari
Durrës,Albania,AL,
Vlorë,Albania,AL,
Kavala,Anatolikis Makedonias kai Thrakis,GR,
Athina,Attikis,GR,
Peiraias,Attikis,GR,
Patra,Dytikis Elladas,GR,
Kerkyra,Ionion Nison,GR,
Thessaloniki,Kentrikis Makedonias,GR,
Iraklio,Kritis,GR,
Chania,Kritis,GR,
Ermoupoli,Notioy Aigaioy,GR,
Rhodes,Notioy Aigaioy,GR,
Chalkida,Stereas Elladas,GR,
Volos,Thessalias,GR,
Mytilini,Boreioy Aigaioy,GR,
Larnaka,Cyprus,CY,
Lemesos,Cyprus,CY,
Skopje,North Macedonia,MK,
Beograd,Serbia,SRB,
Beograd,Serbia,SRB,
Novi Sad,Serbia,SRB,
Kragujevac,Serbia,SRB,
Niš,Serbia,SRB,
Podgorica,Montenegro,MNE,
Andorra la Vella,Andorra,AND,
Paris,Île-de-France,F,
Paris,Île-de-France,F,
Boulogne-Billancourt,Île-de-France,F,
Argenteuil,Île-de-France,F,
Saint-Denis,Île-de-France,F,
Lyon,Auvergne-Rhône-Alpes,F,
Lyon,Auvergne-Rhône-Alpes,F,
Grenoble,Auvergne-Rhône-Alpes,F,
Villeurbanne,Auvergne-Rhône-Alpes,F,
Bordeaux,Nouvelle-Aquitaine,F,
Limoges,Nouvelle-Aquitaine,F,
Amiens,Hauts-de-France,F,
Calais,Hauts-de-France,F,
Marseille,Provence-Alpes-Côte d'Azur,F,
Nice,Provence-Alpes-Côte d'Azur,F,
Toulon,Provence-Alpes-Côte d'Azur,F,
Rennes,Bretagne,F,
Brest,Bretagne,F,
Orléans,Centre-Val de Loire,F,
Tours,Centre-Val de Loire,F,
Nantes,Pays de la Loire,F,
Angers,Pays de la Loire,F,
Le Mans,Pays de la Loire,F,
Strasbourg,Grand Est,F,
Strasbourg,Grand Est,F,
Mulhouse,Grand Est,F,
Metz,Grand Est,F,
Nancy,Grand Est,F,
Rouen,Normandie,F,
Le Havre,Normandie,F,
Besançon,Bourgogne-Franche-Comté,F,
Toulouse,Occitanie,F,
Perpignan,Occitanie,F,
Ajaccio,Corse,F,
Sevilla,Andalucía,E,
Almería,Andalucía,E,
Cádiz,Andalucía,E,
Córdoba,Andalucía,E,
Granada,Andalucía,E,
Huelva,Andalucía,E,
Málaga,Andalucía,E,
Algeciras,Andalucía,E,
Marbella,Andalucía,E,
Zaragoza,Aragón,E,
Gijón,Asturias,E,
Palma de Mallorca,Illes Balears,E,
Bilbao,Euskadi,E,
Barakaldo,Euskadi,E,
Donostia,Euskadi,E,
Santa Cruz de Tenerife,Canarias,E,
San Cristóbal de La Laguna,Canarias,E,
Las Palmas de Gran Canaria,Canarias,E,
Telde,Canarias,E,
Santander,Cantabria,E,
Valladolid,Castilla y León,E,
Toledo,Castilla-La Mancha,E,
Barcelona,Catalunya,E,
Lleida,Catalunya,E,
Tarragona,Catalunya,E,
Badalona,Catalunya,E,
Badajoz,Extremadura,E,
A Coruña,Galicia,E,
Vigo,Galicia,E,
Ourense,Galicia,E,
Torrejón de Ardoz,Madrid,E,
Murcia,Murcia,E,
Cartagena,Murcia,E,
Logroño,La Rioja,E,
Valencia,Valenciana,E,
Alicante,Valenciana,E,
Castellón de la Plana,Valenciana,E,
Praha,Praha,CZ,
Praha,Praha,CZ,
České Budějovice,Jihočeský,CZ,
Brno,Jihomoravský,CZ,
Karlovy Vary,Karlovarský,CZ,
Jihlava,Vysočina,CZ,
Hradec Králové,Královéhradecký,CZ,
Liberec,Liberecký,CZ,
Ostrava,Moravskoslezský,CZ,
Olomouc,Olomoucký,CZ,
Pardubice,Pardubický,CZ,
Plzeň,Plzeňský,CZ,
Ústí nad Labem,Ústecký,CZ,
Bratislava,Bratislavský,SK,
Bratislava,Bratislavský,SK,
Banská Bystrica,Banskobystrický,SK,
Žilina,Žilinský,SK,
Košice,Košický,SK,
Prešov,Prešovský,SK,
Nitra,Nitriansky,SK,
Trenčín,Trenčiansky,SK,
Stuttgart,Baden-Württemberg,D,
Mannheim,Baden-Württemberg,D,
Mannheim,Baden-Württemberg,D,
Karlsruhe,Baden-Württemberg,D,
Heidelberg,Baden-Württemberg,D,
Heilbronn,Baden-Württemberg,D,
Pforzheim,Baden-Württemberg,D,
Ulm,Baden-Württemberg,D,
Ulm,Baden-Württemberg,D,
München,Bayern,D,
Nürnberg,Bayern,D,
Augsburg,Bayern,D,
Würzburg,Bayern,D,
Regensburg,Bayern,D,
Regensburg,Bayern,D,
Regensburg,Bayern,D,
Ingolstadt,Bayern,D,
Fürth,Bayern,D,
Fürth,Bayern,D,
Fürth,Bayern,D,
Erlangen,Bayern,D,
Berlin,Berlin,D,
Berlin,Berlin,D,
Potsdam,Brandenburg,D,
Cottbus,Brandenburg,D,
Bremen,Bremen,D,
Bremerhaven,Bremen,D,
Hamburg,Hamburg,D,
Wiesbaden,Hessen,D,
Wiesbaden,Hessen,D,
Frankfurt,Hessen,D,
Frankfurt,Hessen,D,
Kassel,Hessen,D,
Offenbach am Main,Hessen,D,
Rostock,Mecklenburg-Vorpommern,D,
Hannover,Niedersachsen,D,
Braunschweig,Niedersachsen,D,
Osnabrück,Niedersachsen,D,
Göttingen,Niedersachsen,D,
Wolfsburg,Niedersachsen,D,
Düsseldorf,Nordrhein-Westfalen,D,
Köln,Nordrhein-Westfalen,D,
Essen,Nordrhein-Westfalen,D,
Essen,Nordrhein-Westfalen,D,
Dortmund,Nordrhein-Westfalen,D,
Dortmund,Nordrhein-Westfalen,D,
Duisburg,Nordrhein-Westfalen,D,
Duisburg,Nordrhein-Westfalen,D,
Bochum,Nordrhein-Westfalen,D,
Wuppertal,Nordrhein-Westfalen,D,
Gelsenkirchen,Nordrhein-Westfalen,D,
Bonn,Nordrhein-Westfalen,D,
Krefeld,Nordrhein-Westfalen,D,
Oberhausen,Nordrhein-Westfalen,D,
Oberhausen,Nordrhein-Westfalen,D,
Hagen,Nordrhein-Westfalen,D,
Hamm,Nordrhein-Westfalen,D,
Herne,Nordrhein-Westfalen,D,
Mülheim,Nordrhein-Westfalen,D,
Solingen,Nordrhein-Westfalen,D,
Leverkusen,Nordrhein-Westfalen,D,
Leverkusen,Nordrhein-Westfalen,D,
Neuss,Nordrhein-Westfalen,D,
Paderborn,Nordrhein-Westfalen,D,
Recklinghausen,Nordrhein-Westfalen,D,
Remscheid,Nordrhein-Westfalen,D,
Bottrop,Nordrhein-Westfalen,D,
Siegen,Nordrhein-Westfalen,D,
Witten,Nordrhein-Westfalen,D,
Mainz,Rheinland-Pfalz,D,
Ludwigshafen,Rheinland-Pfalz,D,
Koblenz,Rheinland-Pfalz,D,
Koblenz,Rheinland-Pfalz,D,
Trier,Rheinland-Pfalz,D,
Saarbrücken,Saarland,D,
Dresden,Sachsen,D,
Leipzig,Sachsen,D,
Zwickau,Sachsen,D,
Magdeburg,Sachsen-Anhalt,D,
Halle,Sachsen-Anhalt,D,
Halle,Sachsen-Anhalt,D,
Kiel,Schleswig-Holstein,D,
Lübeck,Schleswig-Holstein,D,
Gera,Thüringen,D,
Jena,Thüringen,D,
Miskolc,Borsod-Abaúj-Zemplén,H,
Szeged,Csongrád,H,
Szeged,Csongrád,H,
Győr,Győr-Moson-Sopron,H,
Szolnok,Jász-Nagykun-Szolnok,H,
Budapest,Budapest,H,
Torino,Piemonte,I,
Aosta,Valle d'Aosta,I,
Milano,Lombardia,I,
Monza,Lombardia,I,
Bolzano,Trentino-Alto Adige,I,
Trento,Trentino-Alto Adige,I,
Verona,Veneto,I,
Venézia,Veneto,I,
Trieste,Friuli-Venezia Giulia,I,
La Spezia,Liguria,I,
Génova,Liguria,I,
Piacenza,Emilia-Romagna,I,
Rímini,Emilia-Romagna,I,
Livorno,Toscana,I,
Pisa,Toscana,I,
Firenze,Toscana,I,
Ancona,Marche,I,
Roma,Lazio,I,
Pescara,Abruzzo,I,
Salerno,Campania,I,
Nápoli,Campania,I,
Torre del Greco,Campania,I,
Bari,Puglia,I,
Táranto,Puglia,I,
Réggio di Calabria,Calabria,I,
Palermo,Sicilia,I,
Messina,Sicilia,I,
Catánia,Sicilia,I,
Siracusa,Sicilia,I,
Cágliari,Sardegna,I,
Aarau,Aargau,CH,
Basel,Basel-Stadt,CH,
Basel,Basel-Stadt,CH,
Bern,Bern,CH,
Biel,Bern,CH,Bielersee
Fribourg,Fribourg,CH,
Genève,Genève,CH,Lac Leman
Chur,Graubünden,CH,
Delemont,Jura,CH,
Luzern,Luzern,CH,Vierwaldstättersee
Samara,Samarskaya,R,
Neuchatel,Neuchâtel,CH,Lac de Neuchâtel
Schaffhausen,Schaffhausen,CH,
Solothurn,Solothurn,CH,
Frauenfeld,Thurgau,CH,
Bellinzona,Ticino,CH,
Lugano,Ticino,CH,Lago di Lugano
Altdorf,Uri,CH,Vierwaldstättersee
Sion,Valais,CH,
Lausanne,Vaud,CH,Lac Leman
Zürich,Zürich,CH,Zürichsee
Vaduz,Liechtenstein,FL,
Villach,Kärnten,A,
Villach,Kärnten,A,
Bregenz,Vorarlberg,A,Bodensee
Wien,Wien,A,
Linz,Oberösterreich,A,
Innsbruck,Tirol,A,
Lienz,Tirol,A,
Graz,Steiermark,A,
Salzburg,Salzburg,A,
Tallinn,Estonia,EST,
Rīga,Latvia,LV,
Vilnius,Lithuania,LT,
Kaunas,Lithuania,LT,
Kaunas,Lithuania,LT,
Klaipeda,Lithuania,LT,
Brest,Brest,BY,
Pinsk,Brest,BY,
Vitebsk,Vitebsk,BY,
Orsha,Vitebsk,BY,
Novopolotsk,Vitebsk,BY,
Gomel,Gomel,BY,
Mazyr,Gomel,BY,
Grodno,Grodno,BY,
Mahiljou,Mahiljou,BY,
Bobruysk,Mahiljou,BY,
Barysaw,Minsk,BY,
Minsk,Minsk City,BY,
Wrocław,Dolnośląskie,PL,
Bydgoszcz,Kujawsko-Pomorskie,PL,
Toruń,Kujawsko-Pomorskie,PL,
Grudziadz,Kujawsko-Pomorskie,PL,
Włocławek,Kujawsko-Pomorskie,PL,
Gorzów Wielkopolski,Lubuskie,PL,
Kraków,Małopolskie,PL,
Tarnów,Małopolskie,PL,
Warszawa,Mazowieckie,PL,
Płock,Mazowieckie,PL,
Opole,Opolskie,PL,
Gdańsk,Pomorskie,PL,
Gdynia,Pomorskie,PL,
Częstochowa,Śląskie,PL,
Poznań,Wielkopolskie,PL,
Szczecin,Zachodniopomorskie,PL,
Cerkasy,Cerkaska,UA,Kremenchuk Reservoir
Cernihiv,Cernihivska,UA,
Cernivci,Cernivecka,UA,
Cherson,Chersonska,UA,Kakhovka Reservoir
Chmelnytskyi,Chmelnytska,UA,
Dnipro,Dnipropetrovska,UA,
Kryvyi Rih,Dnipropetrovska,UA,
Kamianske,Dnipropetrovska,UA,
Nikopol,Dnipropetrovska,UA,Kakhovka Reservoir
Donetsk,Donetska,UA,
Mariupol,Donetska,UA,
Prypjat,Kyïvska,UA,
Kropywnyzkyj,Kirovohradska,UA,
Sievierodonetsk,Luhanska,UA,
Lysychansk,Luhanska,UA,
Mykolaïv,Mykolaïvska,UA,
Mykolaïv,Mykolaïvska,UA,
Odesa,Odeska,UA,
Poltava,Poltavska,UA,
Kremenchuk,Poltavska,UA,Kremenchuk Reservoir
Sumy,Sumska,UA,
Vinnytsia,Vinnytska,UA,
Lutsk,Volynska,UA,
Zaporizhzhia,Zaporizka,UA,
Berdiansk,Zaporizka,UA,
Zytomyr,Zytomyrska,UA,
Kerch,Krym,UA,
Kerch,Krym,UA,
Yevpatoria,Krym,UA,
Kyïv,Kyïv,UA,
Kyïv,Kyïv,UA,
Sevastopol,Sevastopol,UA,
Petrozavodsk,Karelia,R,Ozero Onega
Syktyvkar,Komi,R,
Arkhangelsk,Arkhangelskaya,R,
Severodvinsk,Arkhangelskaya,R,
Vologda,Vologodskaya,R,
Cherepovets,Vologodskaya,R,Rybinsk Reservoir
Murmansk,Murmanskaya,R,
Kaliningrad,Kaliningradskaya,R,
Sankt Peterburg,Sankt-Peterburg,R,
Pskov,Pskovskaya,R,Ozero Pskovskoje
Bryansk,Bryanskaya,R,
Kaluga,Kaluzhskaya,R,
Kostroma,Kostromskaya,R,
Moskva,Moscow,R,
Žukovskij,Moskovskaya,R,
Ramenskoye,Moskovskaya,R,
Kolomna,Moskovskaya,R,
Kolomna,Moskovskaya,R,
Serpuchov,Moskovskaya,R,
Orel,Orlovskaya,R,
Ryazan,Ryazanskaya,R,
Smolensk,Smolenskaya,R,
Tver,Tverskaya,R,
Yaroslavl,Yaroslavskaya,R,
Rybinsk,Yaroslavskaya,R,Rybinsk Reservoir
Cheboksary,Chuvashia,R,
Novočeboksarsk,Chuvashia,R,
Kirov,Kirovskaya,R,
Nizhnii Novgorod,Nizhnii Novgorodskaya,R,
Nizhnii Novgorod,Nizhnii Novgorodskaya,R,
Dzeržinsk,Nizhnii Novgorodskaya,R,
Belgorod,Belgorodskaya,R,
Staryj Oskol,Belgorodskaya,R,
Voronezh,Voronezhskaya,R,
Kursk,Kurskaya,R,
Jelec,Lipetskaya,R,
Kazan,Tatarstan,R,
Naberezhnye Tchelny,Tatarstan,R,Lower Kama Reservoir
Nižnekamsk,Tatarstan,R,
Astrakhan,Astrakhanskaya,R,
Volgograd,Volgogradskaya,R,
Volzhsky,Volgogradskaya,R,
Kamyšin,Volgogradskaya,R,
Tolyatti,Samarskaya,R,Kuybyshev Reservoir
Syzran,Samarskaya,R,
Novokujbyševsk,Samarskaya,R,
Saratov,Saratovskaya,R,
Balakovo,Saratovskaya,R,
Ėngels,Saratovskaya,R,
Ulyanovsk,Ulyanovskaya,R,Kuybyshev Reservoir
Dimitrovgrad,Ulyanovskaya,R,Kuybyshev Reservoir
Rostov-na-Donu,Rostovskaya,R,
Batajsk,Rostovskaya,R,
Taganrog,Rostovskaya,R,
Volgodonsk,Rostovskaya,R,
Ufa,Bashkortostan,R,
Neftekamsk,Bashkortostan,R,
Sterlitamak,Bashkortostan,R,
Salavat,Bashkortostan,R,
Sarapul,Udmurtskaya,R,
Orenburg,Orenburgskaya,R,
Orsk,Orenburgskaya,R,
Perm,Permskij,R,
Berezniki,Permskij,R,
Makhachkala,Dagestan,R,Caspian Sea
Derbent,Dagestan,R,Caspian Sea
Kaspijsk,Dagestan,R,Caspian Sea
Čerkessk,Karachayevo-Cherkesskaya,R,
Vladikavkaz,North Ossetia-Alania,R,
Krasnodar,Krasnodarskiy,R,
Sochi,Krasnodarskiy,R,
Novorossiysk,Krasnodarskiy,R,
Armavir,Krasnodarskiy,R,
Nevinnomyssk,Stavropolskiy,R,
Kurgan,Kurganskaya,R,
Yekaterinburg,Sverdlovskaya,R,
Nizhny Tagil,Sverdlovskaya,R,
Kamensk-Uralskij,Sverdlovskaya,R,
Pervouralsk,Sverdlovskaya,R,
Chelyabinsk,Chelyabinskaya,R,
Magnitogorsk,Chelyabinskaya,R,
Miass,Chelyabinskaya,R,
Gorno Altaysk,Altay,R,
Barnaul,Altayskiy,R,
Bijsk,Altayskiy,R,
Kemerovo,Kemerovskaya,R,
Novokuznetsk,Kemerovskaya,R,
Novosibirsk,Novosibirskaya,R,Novosibirsk Reservoir
Berdsk,Novosibirskaya,R,Novosibirsk Reservoir
Omsk,Omskaya,R,
Tomsk,Tomskaya,R,
Seversk,Tomskaya,R,
Tyumen,Tyumenskaya,R,
Tobolsk,Tyumenskaya,R,
Tobolsk,Tyumenskaya,R,
Khanty Mansijsk,Tyumenskaya,R,
Surgut,Tyumenskaya,R,
Nizhnevartovsk,Tyumenskaya,R,
Neftejugansk,Tyumenskaya,R,
Salekhard,Tyumenskaya,R,
Ulan-Ude,Buryatiya,R,
Kyzyl,Tyva,R,
Kyzyl,Tyva,R,
Abakan,Khakasiya,R,
Krasnoyarsk,Krasnoyarsk,R,
Norilsk,Krasnoyarsk,R,
Ačinsk,Krasnoyarsk,R,
Irkutsk,Irkutskaya,R,
Angarsk,Irkutskaya,R,
Bratsk,Irkutskaya,R,
Ust-Ilimsk,Irkutskaya,R,
Chita,Zabaykalskiy,R,
Yakutsk,Sakha,R,
Anadyr,Chukotka,R,
Vladivostok,Primorskiy,R,
Nachodka,Primorskiy,R,
Khabarovsk,Khabarovskiy,R,
Komsomolsk-na-Amure,Khabarovskiy,R,
Blagoveščensk,Amurskaya,R,
Petropavlovsk-Kamčatskij,Kamchatka,R,
Magadan,Magadanskaya,R,
Okhotsk,Magadanskaya,R,
Antwerpen,Antwerpen,B,
Gent,Oost-Vlaanderen,B,
Liège,Liège,B,
Namur,Namur,B,
Ostende,West-Vlaanderen,B,
Luxembourg,Luxembourg,L,
Arnhem,Gelderland,NL,
Nijmegen,Gelderland,NL,
Den Haag,Zuid-Holland,NL,
Rotterdam,Zuid-Holland,NL,
Dordrecht,Zuid-Holland,NL,
's-Hertogenbosch,Noord-Brabant,NL,
Maastricht,Limburg,NL,
Ljubljana,Slovenia,SLO,
Maribor,Slovenia,SLO,
Zagreb,Croatia,HR,
Split,Croatia,HR,
Rijeka,Croatia,HR,
Osijek,Croatia,HR,
Zadar,Croatia,HR,
Sarajevo,Federacija Bosne i Hercegovine,BIH,
Zenica,Federacija Bosne i Hercegovine,BIH,
Mostar,Federacija Bosne i Hercegovine,BIH,
Brčko,Brčko,BIH,
Sofia,Bulgaria,BG,
Plovdiv,Bulgaria,BG,
Varna,Bulgaria,BG,
Burgas,Bulgaria,BG,
Ruse,Bulgaria,BG,
Alba Iulia,Alba,RO,
Arad,Arad,RO,
Piteşti,Argeş,RO,
Brăila,Brăila,RO,
Bucureşti,Bucureşti,RO,
Calarasi,Călăraşi,RO,
Cluj-Napoca,Cluj,RO,
Constanţa,Constanţa,RO,
Sfintu Gheorghe,Covasna,RO,
Targoviste,Dâmboviţa,RO,
Craiova,Dolj,RO,
Galaţi,Galaţi,RO,
Galaţi,Galaţi,RO,
Giurgiu,Giurgiu,RO,
Tirgu Jiu,Gorj,RO,
Miercurea Ciuc,Harghita,RO,
Deva,Hunedoara,RO,
Slobozia,Ialomiţa,RO,
Baia Mare,Maramureş,RO,
Drobeta-Turnu Severin,Mehedinţi,RO,
Târgu Mureş,Mureş,RO,
Slatina,Olt,RO,
Satu Mare,Satu-Mare,RO,
Timişoara,Timiş,RO,
Tulcea,Tulcea,RO,
Århus,Midtjylland,DK,
Randers,Midtjylland,DK,
Vejle,Syddanmark,DK,
Esbjerg,Syddanmark,DK,
Copenhagen,Hovedstaden,DK,
Helsingør,Hovedstaden,DK,
Helsingør,Hovedstaden,DK,
Ronne,Hovedstaden,DK,
Reykjavik,Iceland,IS,
Keflavik,Iceland,IS,
Akureyri,Iceland,IS,
Tórshavn,Faroe Islands,FO,
Dublin,Leinster,IRL,
Cork,Munster,IRL,
Limerick,Munster,IRL,
Galway,Connacht,IRL,
Mariehamn,Åland,SF,
Lahti,Päijät-Häme,SF,Päijänne
Tampere,Pirkanmaa,SF,
Lappeenranta,Etelä-Karjala,SF,Saimaa
Kouvola,Kymenlaakso,SF,
Rovaniemi,Lappia,SF,
Rovaniemi,Lappia,SF,
Mikkeli,Etelä-Savo,SF,Saimaa
Jyväskylä,Keski-Suomi,SF,Päijänne
Oulu,Pohjois-Pohjanmaa,SF,
Kajaani,Kainuu,SF,Oulujärvi
Pori,Satakunta,SF,
Turku,Varsinais-Suomi,SF,
Helsinki,Uusimaa,SF,
Espoo,Uusimaa,SF,
Vaasa,Pohjanmaa,SF,
Kokkola,Keski-Pohjanmaa,SF,
Oslo,Oslo,N,
Sandvika,Akershus,N,
Moss,Østfold,N,
Hamar,Hedmark,N,Mjoesa-See
Lillehammer,Oppland,N,Mjoesa-See
Tonsberg,Vestfold,N,
Arendal,Aust-Agder,N,
Kristiansand,Vest-Agder,N,
Stavanger,Rogaland,N,
Bergen,Hordaland,N,
Hermansverk,Sogn og Fjordane,N,
Molde,Møre og Romsdal,N,
Trondheim,Sør-Trøndelag,N,
Steinkjer,Nord-Trøndelag,N,
Narvik,Nordland,N,
Bodø,Nordland,N,
Tromsø,Troms,N,
Hammerfest,Finnmark,N,
Vadsø,Finnmark,N,
Göteborg,Västra Götaland,S,
Vänersborg,Västra Götaland,S,Vänern
Mariestad,Västra Götaland,S,Vänern
Karlskrona,Blekinge,S,
Gävle,Gävleborg,S,
Visby,Gotland,S,
Halmstad,Halland,S,
Jönköping,Jönköping,S,Vättern
Kalmar,Kalmar,S,
Malmö,Skåne,S,
Helsingborg,Skåne,S,
Lulea,Norrbotten,S,
Stockholm,Stockholm,S,Mälaren
Huddinge,Stockholm,S,Mälaren
Karlstad,Värmland,S,Vänern
Umeå,Västerbotten,S,
Härnösand,Västernorrland,S,
Västerås,Västmanland,S,Mälaren
Monaco,Monaco,MC,
Monte Carlo,Monaco,MC,
Ceuta,Ceuta,CEU,
Melilla,Melilla,MEL,
Valletta,Malta,M,
Douglas,Isle of Man,GBM,
Tiraspol,Moldova,MD,
Coimbra,Coimbra,P,
Faro,Algarve,P,
Lisboa,Lisboa,P,
Barreiro,Lisboa,P,
Almada,Lisboa,P,
Oporto,Porto,P,
Vila Nova de Gaia,Porto,P,
Santarem,Santarem,P,
Setúbal,Setubal,P,
Viana do Castelo,Viana do Castelo,P,
Ponta Delgada,Azores,P,
Funchal,Madeira,P,
Longyearbyen,Svalbard,SVA,
Sunderland,North East England,GB,
Blackpool,North West England,GB,
Liverpool,North West England,GB,
Birkenhead,North West England,GB,
Leeds,Yorkshire and the Humber,GB,
Bradford,Yorkshire and the Humber,GB,
York,Yorkshire and the Humber,GB,
Kingston upon Hull,Yorkshire and the Humber,GB,
Nottingham,East Midlands,GB,
Stoke-on-Trent,West Midlands,GB,
Worcester,West Midlands,GB,
Southend-on-Sea,East of England,GB,
London,London,GB,
Southampton,South East England,GB,
Portsmouth,South East England,GB,
Milton Keynes,South East England,GB,
Brighton and Hove,South East England,GB,
Oxford,South East England,GB,
Reading,South East England,GB,
Eastbourne,South East England,GB,
Worthing,South East England,GB,
Bristol,South West England,GB,
Bristol,South West England,GB,
Bath,South West England,GB,
Plymouth,South West England,GB,
Bournemouth,South West England,GB,
Poole,South West England,GB,
Gloucester,South West England,GB,
Swindon,South West England,GB,
Edinburgh,Scotland,GB,
Glasgow,Scotland,GB,
Aberdeen,Scotland,GB,
Dundee,Scotland,GB,
Kirkwall,Scotland,GB,
Lerwick,Scotland,GB,
Cardiff,Wales,GB,
Swansea,Wales,GB,
Newport,Wales,GB,
Belfast,Northern Ireland,GB,
Gibraltar,Gibraltar,GBZ,
Saint Peter Port,Guernsey,GBG,
Saint Helier,Jersey,GBJ,
Yerevan,Armenia,ARM,
Tbilisi,Georgia,GE,
Kutaisi,Georgia,GE,
Batumi,Georgia,GE,
Baku,Azerbaijan,AZ,Caspian Sea
Sumgayit,Azerbaijan,AZ,Caspian Sea
Adana,Adana,TR,
Antalya,Antalya,TR,
Bandırma,Balıkesir,TR,
Canakkale,Çanakkale,TR,
Canakkale,Çanakkale,TR,
Diyarbakir,Diyarbakır,TR,
Edirne,Edirne,TR,
Edirne,Edirne,TR,
Erzincan,Erzincan,TR,
Erzurum,Erzurum,TR,
Nizip,Gaziantep,TR,
Giresun,Giresun,TR,
Iskenderun,Hatay,TR,
Hatay,Hatay,TR,
Mersin,Mersin,TR,
İstanbul,İstanbul,TR,
İstanbul,İstanbul,TR,
İzmir,İzmir,TR,
Kirikkale,Kırıkkale,TR,
Kocaeli,Kocaeli,TR,
Gebze,Kocaeli,TR,
Derince,Kocaeli,TR,
Körfez,Kocaeli,TR,
Gölcük,Kocaeli,TR,
Mus,Muş,TR,
Ordu,Ordu,TR,
Rize,Rize,TR,
Sakarya,Sakarya,TR,
Samsun,Samsun,TR,
Sinop,Sinop,TR,
Cizre,Şırnak,TR,
Sivas,Sivas,TR,
Tekirdag,Tekirdağ,TR,
Çorlu,Tekirdağ,TR,
Trabzon,Trabzon,TR,
Van,Van,TR,Lake Van
Zonguldak,Zonguldak,TR,
Karadeniz Ereğli,Zonguldak,TR,
Bartin,Bartın,TR,
Yalova,Yalova,TR,
Bayrūt,Lebanon,RL,
Ramallah,West Bank,WB,
Gaza,Gaza Strip,GAZA,
Yerushalayim,Yerushalayim,IL,
Netanya,HaMerkaz,IL,
Haifa,Hefa,IL,
Tel Aviv-Yafo,Tel Aviv,IL,
Ashdod,HaDarom,IL,
Al Ladhiqiyah,Al Ladhiqiyah,SYR,
Ar Raqqah,Ar Raqqah,SYR,
Dayr az Zawr,Dayr az Zawr,SYR,
Hamah,Hamah,SYR,
Hims,Hims,SYR,
Tartus,Tartus,SYR,
Yanbu al-Bahr,Al-Madinah Al-Monawarah,SA,
Ad-Dammam,Ash Sharqiyah,SA,
Al-Jubail,Ash Sharqiyah,SA,
Jeddah,Makkah Al-Mokarramah,SA,
Al Manāmah,Bahrain,BRN,
Doha,Qatar,Q,
Al Rayyan,Qatar,Q,
Abu Dhabi,United Arab Emirates,UAE,
Dubai,United Arab Emirates,UAE,
Al Sharjah,United Arab Emirates,UAE,
Muscat,Oman,OM,
As Seeb,Oman,OM,
Salalah,Oman,OM,
Aden,Yemen,YE,
al Hudaydah,Yemen,YE,
Al Kuwayt,Kuwait,KWT,
Ar Ramadi,al-Anbar,IRQ,
Al Hillah,Babylon,IRQ,
Baghdad,Baghdad,IRQ,
Al Basrah,Basrah,IRQ,
An Nasiriyah,Thi Qar,IRQ,
Al Amarah,Maysan,IRQ,
As Samawah,al-Muthanna,IRQ,
An Najaf,al-Najaf,IRQ,
Al Mawsil,Nineveh,IRQ,
Diwaniyah,al-Qadisiya,IRQ,
Samarra,Salah al-Deen,IRQ,
Al Kut,Wasit,IRQ,
Bushehr,Bushehr,IR,
Rasht,Gilan,IR,Caspian Sea
Bandar Abbas,Hormozgan,IR,
Ahvaz,Khuzestan,IR,
Khorramshahr,Khuzestan,IR,
Khorramshahr,Khuzestan,IR,
Abadan,Khuzestan,IR,
Kabul,Afghanistan,AFG,
Jalālābād,Afghanistan,AFG,
Turkmenabat,Lebap,TM,
Namangan,Namangan,UZ,
Nukus,Qoraqalpogʻiston,UZ,
Bochtar,Khatlon,TJ,
Khorugh,Gorno-Badakhshan,TJ,
Atyrau,Atyrau,KZ,Caspian Sea
Oral,West Kazakhstan,KZ,
Aktau,Mangistau,KZ,Caspian Sea
Pavlodar,Pavlodar,KZ,
Balkhash,Karaganda,KZ,Ozero Balchash
Kustanay,Kostanai,KZ,
Rudniy,Kostanai,KZ,
Kyzylorda,Kyzylorda,KZ,
Öskemen,East-Kazakhstan,KZ,
Semei,East-Kazakhstan,KZ,
Petropavlovsk,North-Kazakhstan,KZ,
Baikonur,Baikonur,KZ,
Astana,Astana,KZ,
Ulaanbaatar,Mongolia,MNG,
Male,Maldives,MV,
Muzaffarabad,Azad Jammu and Kashmir,PK,
Lahore,Punjab,PK,
Multan,Punjab,PK,
Jhelum,Punjab,PK,
Chiniot,Punjab,PK,
Dera Ghazi Khan,Punjab,PK,
Karachi,Sindh,PK,
Hyderabad,Sindh,PK,
Sukkur,Sindh,PK,
Larkana,Sindh,PK,
Visakhapatnam,Andhra Pradesh,IND,
Vijayawada,Andhra Pradesh,IND,
Rajahmundry,Andhra Pradesh,IND,
Gauhati,Assam,IND,
Dispur,Assam,IND,
Patna,Bihar,IND,
Panaji,Goa,IND,
Bhavnagar,Gujarat,IND,
Jamnagar,Gujarat,IND,
Bharuch,Gujarat,IND,
Srinagar,Jammu and Kashmir,IND,
Trivandrum,Kerala,IND,
Kochi,Kerala,IND,
Kozhikode,Kerala,IND,
Jabalpur,Madhya Pradesh,IND,
Mumbai,Maharashtra,IND,
Navi Mumbai,Maharashtra,IND,
Nashik,Maharashtra,IND,
Cuttack,Odisha,IND,
Kota,Rajasthan,IND,
Chennai,Tamil Nadu,IND,
Kanpur,Uttar Pradesh,IND,
Varanasi,Uttar Pradesh,IND,
Agra,Uttar Pradesh,IND,
Allahabad,Uttar Pradesh,IND,
Allahabad,Uttar Pradesh,IND,
Port Blair,Andaman and Nicobar Islands,IND,
Port Blair,Andaman and Nicobar Islands,IND,
Delhi,Delhi,IND,
Kavaratti,Lakshadweep,IND,
Pondicherry,Puducherry,IND,
Bharatpur,Nepal,NEP,
Thimphu,Bhutan,BHT,
Chittagong,Chittagong,BD,
Dhaka,Dhaka,BD,
Rajshahi,Rajshahi,BD,
Pathein,Ayeyarwady,MYA,
Magwe,Magwe,MYA,
Mandalay,Mandalay,MYA,
Sagaing,Sagaing,MYA,
Myitkyina,Kachin,MYA,
Mawlamyine,Mon,MYA,
Sittwe,Rakhine,MYA,
Sri Jayawardhanapura,Sri Lanka,CL,
Colombo,Sri Lanka,CL,
Huainan,Anhui,CN,
Bengbu,Anhui,CN,
Wuhu,Anhui,CN,
Maanshan,Anhui,CN,
Fuzhou,Fujian,CN,
Xiamen,Fujian,CN,
Putian,Fujian,CN,
Lanzhou,Gansu,CN,
Guangzhou,Guangdong,CN,
Shantou,Guangdong,CN,
Jieyang,Guangdong,CN,
Zhanjiang,Guangdong,CN,
Shenzhen,Guangdong,CN,
Shaoguan,Guangdong,CN,
Dongguan,Guangdong,CN,
Dongguan,Guangdong,CN,
Foshan,Guangdong,CN,
Zhongshan,Guangdong,CN,
Jiangmen,Guangdong,CN,
Yangjiang,Guangdong,CN,
Zhaoqing,Guangdong,CN,
Zhuhai,Guangdong,CN,
Huizhou,Guangdong,CN,
Haikou,Hainan,CN,
Sanya,Hainan,CN,
Cangzhou,Hebei,CN,
Qinhuangdao,Hebei,CN,
Harbin,Heilongjiang,CN,
Zhengzhou,Henan,CN,
Luoyang,Henan,CN,
Kaifeng,Henan,CN,
Xinyang,Henan,CN,
Wuhan,Hubei,CN,
Wuhan,Hubei,CN,
Xiangyang,Hubei,CN,
Yichang,Hubei,CN,
Jingzhou,Hubei,CN,
Changsha,Hunan,CN,
Hengyang,Hunan,CN,
Xiangtan,Hunan,CN,
Zhuzhou,Hunan,CN,
Yueyang,Hunan,CN,
Changde,Hunan,CN,
Nanjing,Jiangsu,CN,
Wuxi,Jiangsu,CN,
Suzhou,Jiangsu,CN,
Zhangjiagang,Jiangsu,CN,
Changzhou,Jiangsu,CN,
Zhenjiang,Jiangsu,CN,
Lianyungang,Jiangsu,CN,
Nantong,Jiangsu,CN,
Rugao,Jiangsu,CN,
Yangzhou,Jiangsu,CN,
Huaian,Jiangsu,CN,
Nanchang,Jiangxi,CN,
Jiujiang,Jiangxi,CN,
Ganzhou,Jiangxi,CN,
Jilin,Jilin,CN,
Dalian,Liaoning,CN,
Dandong,Liaoning,CN,
Panjin,Liaoning,CN,
Xian,Shaanxi,CN,
Xianyang,Shaanxi,CN,
Baoji,Shaanxi,CN,
Jinan,Shandong,CN,
Qingdao,Shandong,CN,
Yantai,Shandong,CN,
Weihai,Shandong,CN,
Luzhou,Sichuan,CN,
Yibin,Sichuan,CN,
Qujing,Yunnan,CN,
Hangzhou,Zhejiang,CN,
Wenzhou,Zhejiang,CN,
Yueqing,Zhejiang,CN,
Huzhou,Zhejiang,CN,
Zhoushan,Zhejiang,CN,
Taizhou,Zhejiang,CN,
Wenling,Zhejiang,CN,
Guigang,Guangxi,CN,
Baotou,Nei Mongol,CN,
Tongliao,Nei Mongol,CN,
Hailar,Nei Mongol,CN,
Yinchuan,Ningxia,CN,
Yining,Xinjiang,CN,
Shanghai,Shanghai,CN,
Chongqing,Chongqing,CN,
Yongchuan,Chongqing,CN,
Taipei,Taiwan,RC,
New Taipei,Taiwan,RC,
Taoyuan,Taiwan,RC,
Keelung,Taiwan,RC,
Hsinchu,Taiwan,RC,
Taichung,Taiwan,RC,
Changhua,Taiwan,RC,
Hualien,Taiwan,RC,
Tainan,Taiwan,RC,
Pingtung,Taiwan,RC,
Kaohsiung,Taiwan,RC,
Taitung,Taiwan,RC,
Kowloon,Hong Kong,HK,
Victoria,Hong Kong,HK,
Tuen Mun,Hong Kong,HK,
Sha Tin,Hong Kong,HK,
Macao,Macau,MAC,
Taipa-Coloane,Macau,MAC,
Pyongyang,North Korea,KP,
Hamhung-Hungnam,North Korea,KP,
Chongjin,North Korea,KP,
Nampho,North Korea,KP,
Sinuiju,North Korea,KP,
Wonsan,North Korea,KP,
Haeju,North Korea,KP,
Anju,North Korea,KP,
Kim Chaek,North Korea,KP,
Kusong,North Korea,KP,
Sinpho,North Korea,KP,
Kaesong,North Korea,KP,
Seoul,South Korea,ROK,
Busan,South Korea,ROK,
Daegu,South Korea,ROK,
Incheon,South Korea,ROK,
Sejong,South Korea,ROK,
Ulsan,South Korea,ROK,
Changwon,South Korea,ROK,
Mokpo,South Korea,ROK,
Jeju,South Korea,ROK,
Gunsan,South Korea,ROK,
Chuncheon,South Korea,ROK,
Yeosu,South Korea,ROK,
Ansan,South Korea,ROK,
Sapporo,Hokkaido,J,
Asahikawa,Hokkaido,J,
Hakodate,Hokkaido,J,
Hakodate,Hokkaido,J,
Kushiro,Hokkaido,J,
Aomori,Aomori,J,
Morioka,Iwate,J,
Sendai,Miyagi,J,
Akita,Akita,J,
Maebashi,Gumma,J,
Chiba,Chiba,J,
Funabashi,Chiba,J,
Ichikawa,Chiba,J,
Tokyo,Tokyo,J,
Yokohama,Kanagawa,J,
Kawasaki,Kanagawa,J,
Yokosuka,Kanagawa,J,
Fujisawa,Kanagawa,J,
Niigata,Niigata,J,
Toyama,Toyama,J,
Kanazawa,Ishikawa,J,
Fukui,Fukui,J,
Nagano,Nagano,J,
Shizuoka,Shizuoka,J,
Hamamatsu,Shizuoka,J,
Nagoya,Aichi,J,
Tsu,Mie,J,
Otsu,Shiga,J,Lake Biwa
Kyoto,Kyoto,J,
Osaka,Osaka,J,
Sakai,Osaka,J,
Hirakata,Osaka,J,
Kobe,Hyogo,J,
Himeji,Hyogo,J,
Nishinomiya,Hyogo,J,
Wakayama,Wakayama,J,
Tottori,Tottori,J,
Matsue,Shimane,J,
Okayama,Okayama,J,
Kurashiki,Okayama,J,
Hiroshima,Hiroshima,J,
Fukuyama,Hiroshima,J,
Tokushima,Tokushima,J,
Takamatsu,Kagawa,J,
Matsuyama,Ehime,J,
Kochi,Kochi,J,
Fukuoka,Fukuoka,J,
Kitakyushu,Fukuoka,J,
Nagasaki,Nagasaki,J,
Oita,Oita,J,
Miyazaki,Miyazaki,J,
Kagoshima,Kagoshima,J,
Naha,Okinawa,J,
Naha,Okinawa,J,
San Fernando,Central Luzon,RP,
Malolos,Central Luzon,RP,
Taytay,Calabarzon,RP,Laguna de Bay
Binangonan,Calabarzon,RP,Laguna de Bay
Bacoor,Calabarzon,RP,
San Pedro,Calabarzon,RP,Laguna de Bay
Biñan,Calabarzon,RP,Laguna de Bay
Santa Rosa,Calabarzon,RP,Laguna de Bay
Cabuyao,Calabarzon,RP,Laguna de Bay
Calamba,Calabarzon,RP,Laguna de Bay
Lipa,Calabarzon,RP,Lake Taal
Batangas,Calabarzon,RP,
Lucena,Calabarzon,RP,
Legazpi,Bicol,RP,
Iloilo,Western Visayas,RP,
Roxas,Western Visayas,RP,
Bacolod,Western Visayas,RP,
Cebu,Central Visayas,RP,
Lapu-Lapu,Central Visayas,RP,
Mandaue,Central Visayas,RP,
Toledo,Central Visayas,RP,
Tagbilaran,Central Visayas,RP,
Tacloban,Eastern Visayas,RP,
Pagadian,Zamboanga Peninsula,RP,
Zamboanga,Zamboanga Peninsula,RP,
Zamboanga,Zamboanga Peninsula,RP,
Cagayan De Oro,Northern Mindanao,RP,
Iligan,Northern Mindanao,RP,
Davao,Davao,RP,
Tagum,Davao,RP,
General Santos,Soccsksargen,RP,
Manila,Metro Manila,RP,
Mandaluyong,Metro Manila,RP,
Pasig,Metro Manila,RP,
Makati,Metro Manila,RP,
Pasay,Metro Manila,RP,
Taguig,Metro Manila,RP,Laguna de Bay
Parañaque,Metro Manila,RP,
Las Piñas,Metro Manila,RP,
Muntinlupa,Metro Manila,RP,Laguna de Bay
Cotabato,Muslim Mindanao,RP,
Marawi,Muslim Mindanao,RP,
Jolo,Muslim Mindanao,RP,
Butuan,Caraga,RP,
Calapan,Mimaropa,RP,
Puerto Princesa,Mimaropa,RP,
Ha Long,Northern Midlands and Mountains,VN,
Cam Pha,Northern Midlands and Mountains,VN,
Hanoi,Red River Delta,VN,
Haiphong,Red River Delta,VN,
Nam Dinh,Red River Delta,VN,
Vinh,North and South Central Coast,VN,
Da Nang,North and South Central Coast,VN,
Hue,North and South Central Coast,VN,
Nha Trang,North and South Central Coast,VN,
Qui Nhon,North and South Central Coast,VN,
Vung Tau,Southeast,VN,
Can Tho,Mekong River Delta,VN,
Long Xuyen,Mekong River Delta,VN,
Rach Gia,Mekong River Delta,VN,
Phnom Penh,Cambodia,K,
Phnom Penh,Cambodia,K,
Vientiane,Laos,LAO,
Chiang Mai,Thailand,THA,
Nakhon Sawan,Thailand,THA,
Nakhon Sawan,Thailand,THA,
Nakhon Sawan,Thailand,THA,
Bangkok,Thailand,THA,
Nonthaburi,Thailand,THA,
Nakhon Si Thammarat,Thailand,THA,
Songkhla,Thailand,THA,Songkhla Lake
Samut Prakan,Thailand,THA,
Chon Buri,Thailand,THA,
Phuket,Thailand,THA,
Kota Bahru,Kelantan,MAL,
Kota Bahru,Kelantan,MAL,
Melaka,Melaka,MAL,
Kuantan,Pahang,MAL,
Georgetown,Pulau Pinang,MAL,
Kota Kinabalu,Sabah,MAL,
Tawau,Sabah,MAL,
Sandakan,Sabah,MAL,
Kuching Utara,Sarawak,MAL,
Sibu,Sarawak,MAL,
Kuala Terengganu,Terengganu,MAL,
Labuan,Labuan,MAL,
Bandar Seri Begawan,Brunei,BRU,
Singapore,Singapore,SGP,
Singapore,Singapore,SGP,
Banda Aceh,Aceh,RI,
Banda Aceh,Aceh,RI,
Medan,Sumatera Utara,RI,
Pematang Siantar,Sumatera Utara,RI,
Padang,Sumatera Barat,RI,
Dumai,Riau,RI,
Jambi,Jambi,RI,
Bengkulu,Bengkulu,RI,
Bandar Lampung,Lampung,RI,
Pangkal Pinang,Kepulauan Bangka Belitung,RI,
Tanjung Pinang,Kepulauan Riau,RI,
Batam,Kepulauan Riau,RI,
Jakarta,DKI Jakarta,RI,
Semarang,Jawa Tengah,RI,
Surakarta,Jawa Tengah,RI,
Pekalongan,Jawa Tengah,RI,
Tegal,Jawa Tengah,RI,
Surabaya,Jawa Timur,RI,
Probolinggo,Jawa Timur,RI,
Cilegon,Banten,RI,
Denpasar,Bali,RI,
Mataram,Nusa Tenggara Barat,RI,
Kupang,Nusa Tenggara Timur,RI,
Pontianak,Kalimantan Barat,RI,
Bandjarmasin,Kalimantan Selatan,RI,
Samarinda,Kalimantan Timur,RI,
Balikpapan,Kalimantan Timur,RI,
Tarakan,Kalimantan Utara,RI,
Manado,Sulawesi Utara,RI,
Palu,Sulawesi Tengah,RI,
Makassar,Sulawesi Selatan,RI,
Kendari,Sulawesi Tenggara,RI,
Gorontalo,Gorontalo,RI,
Mamuju,Sulawesi Barat,RI,
Ambon,Maluku,RI,
Ternate,Maluku Utara,RI,
Manokwari,Papua Barat,RI,
Jayapura,Papua,RI,
Merauke,Papua,RI,
Dili,Timor-Leste,TL,
Lae,North,PNG,
Port Moresby,South,PNG,
Buka,Bougainville,PNG,
Buka,Bougainville,PNG,
Honiara,Solomon Islands,SOL,
Port Vila,Vanuatu,VU,
Noumea,New Caledonia,NCL,
Newcastle,New South Wales,AUS,
Sydney,New South Wales,AUS,
Wollongong,New South Wales,AUS,
Darwin,Northern Territory,AUS,
Brisbane,Queensland,AUS,
Gold Coast,Queensland,AUS,
Townsville,Queensland,AUS,
Toowoomba,Queensland,AUS,
Sunshine Coast,Queensland,AUS,
Cairns,Queensland,AUS,
Adelaide,South Australia,AUS,
Hobart,Tasmania,AUS,
Melbourne,Victoria,AUS,
Geelong,Victoria,AUS,
Perth,Western Australia,AUS,
Canberra,Australia Capital Territory,AUS,Lake Burley Griffin
Canberra,Australia Capital Territory,AUS,
Flying Fish Cove,Christmas Island,CX,
West Island,Cocos Islands,CC,
Kingston,Norfolk Island,NF,
Wellington,New Zealand,NZ,
Auckland,New Zealand,NZ,
Auckland,New Zealand,NZ,
Hamilton,New Zealand,NZ,
Christchurch,New Zealand,NZ,
Dunedin,New Zealand,NZ,
Koror,Palau,PAL,
Ngerulmud,Palau,PAL,
Saipan,Northern Mariana Islands,MP,
Hagåtña,Guam,GU,
Palikir,Micronesia,FSM,
Majuro,Marshall Islands,MH,
Yaren,Nauru,NAU,
Tarawa,Kiribati,KIR,
Funafuti,Tuvalu,TUV,
Fakaofo,Tokelau,TOK,
Apia,Samoa,WS,
Pago Pago,American Samoa,AS,
Mata-Utu,Wallis and Futuna,WF,
Suva,Fiji,FJI,
Nukualofa,Tonga,TO,
Alofi,Niue,NU,
Avarua,Cook Islands,CK,
Papeete,French Polynesia,PF,
Rikitea,French Polynesia,PF,
Adamstown,Pitcairn,PN,
Al Qahirah,Egypt,ET,
Al-Qāhirah al-Jadīdah,Egypt,ET,
Al Iskandariyah,Egypt,ET,
Al Jizah,Egypt,ET,
Bur Said,Egypt,ET,
Al Minya,Egypt,ET,
As Suways,Egypt,ET,
Hurghada,Egypt,ET,
Marsa Matruh,Egypt,ET,
Shubra al Khimah,Egypt,ET,
Aswan,Egypt,ET,
Asyut,Egypt,ET,
Bani Suwayf,Egypt,ET,
Qina,Egypt,ET,
Al Uqsur,Egypt,ET,
Sawhaj,Egypt,ET,
Al-Arish,Egypt,ET,
Dumyat,Egypt,ET,
Tripoli,Libya,LAR,
Benghazi,Libya,LAR,
Misratah,Libya,LAR,
Tunis,Tunisia,TN,
Sfax,Tunisia,TN,
Sousse,Tunisia,TN,
Banzart,Tunisia,TN,
Algiers,Algeria,DZ,
Annaba,Algeria,DZ,
Skikda,Algeria,DZ,
Oran,Algeria,DZ,
Constantine,Algeria,DZ,
Bejaïa,Algeria,DZ,
Mostaganem,Algeria,DZ,
Ech Chelif,Algeria,DZ,
Agadir,Souss Massa Daraa,MA,
Kénitra,Gharb Chrarda Beni Hssen,MA,
Nador,Oriental,MA,
Casablanca,Grand Casablanca,MA,
Mohammedia,Grand Casablanca,MA,
Rabat,Rabat Sale Zemmour Zaer,MA,
Salé,Rabat Sale Zemmour Zaer,MA,
Temara,Rabat Sale Zemmour Zaer,MA,
Safi,Doukala Abda,MA,
Fès,Fes Boulemane,MA,
Al Hoceima,Taza Al Hoceima Taounate,MA,
Tanger,Tanger Tetouan,MA,
Bamako,Bamako,RMM,
Gao,Gao,RMM,
Kayes,Kayes,RMM,
Koulikoro,Koulikoro,RMM,
Mopti,Mopti,RMM,
Mopti,Mopti,RMM,
Ségou,Ségou,RMM,
Tombouctou,Tombouctou,RMM,
Nouadhibou,Dakhlet Nouadhibou,RIM,
Kaedi,Gorgol,RIM,
Nouakchott,Nouakchott,RIM,
Rosso,Trarza,RIM,
Dakar,Dakar,SN,
Rufisque,Dakar,SN,
Saint-Louis,Saint-Louis,SN,
Banjul,Gambia,WAG,
Serekunda,Gambia,WAG,
Bissau,Guinea-Bissau,GUB,
Conakry,Guinea,RG,
Freetown,Sierra Leone,SLE,
Kenema,Sierra Leone,SLE,
Monrovia,Liberia,LB,
Abidjan,Abidjan,CI,
San-Pedro,Bas-Sassandra,CI,
Cape Coast,Central,GH,
Accra,Greater Accra,GH,
Tema,Greater Accra,GH,
Ashiaman,Greater Accra,GH,
Dambai,Oti,GH,
Takoradi,Western,GH,
Lomé,Togo,RT,
Porto-Novo,Benin,BEN,
Cotonou,Benin,BEN,
Godomey,Benin,BEN,
Yola,Adamawa,NGR,
Onitsha,Anambra,NGR,
Yenagoa,Bayelsa,NGR,
Makurdi,Benue,NGR,
Calabar,Cross River,NGR,
Asaba,Delta,NGR,
Warri,Delta,NGR,
Kaduna,Kaduna,NGR,
Kano,Kano,NGR,
Birnin Kebbi,Kebbi,NGR,
Lokoja,Kogi,NGR,
Lokoja,Kogi,NGR,
Lagos,Lagos,NGR,
Ikorodu,Lagos,NGR,
Jos,Plateau,NGR,
Jos,Plateau,NGR,
Port Harcourt,Rivers,NGR,
Sokoto,Sokoto,NGR,
Gusau,Zamfara,NGR,
Diffa,Diffa,RN,
Niamey,Niamey,RN,
Tillaberi,Tillabéri,RN,
N'Djamena,Chad,TCH,
N'Djamena,Chad,TCH,
Moundou,Chad,TCH,
Port Sudan,Al-Baḥr al-Aḥmar,SUD,
Al Gazira,Al-Jazīrah,SUD,
Khartoum,Al-Kharṭūm,SUD,
Khartoum,Al-Kharṭūm,SUD,
Omdurman,Al-Kharṭūm,SUD,
Omdurman,Al-Kharṭūm,SUD,
Omdurman,Al-Kharṭūm,SUD,
Khartoum North,Al-Kharṭūm,SUD,
Rabak,An-Nīl al-Abyaḍ,SUD,
Kūstī,An-Nīl al-Abyaḍ,SUD,
Ad-Damazīn,An-Nīl al-Azraq,SUD,
Dunqulā,Ash-Shamālīyah,SUD,
Kassala,Kassalā,SUD,
Ad-Dāmir,Nahr an-Nīl,SUD,
Atbara,Nahr an-Nīl,SUD,
Atbara,Nahr an-Nīl,SUD,
Sannār,Sannār,SUD,
Juba,South Sudan,SSD,
Bangui,Central African Republic,RCA,
Bimbo,Central African Republic,RCA,
Ngaoundéré,Adamaoua,CAM,
Douala,Littoral,CAM,
Garoua,Nord,CAM,
Malabo,Insular,GQ,
Bata,Continental,GQ,
Libreville,Gabon,G,
Port-Gentil,Gabon,G,
Franceville,Gabon,G,
Ouesso,Sangha,RCB,
Impfondo,Likouala,RCB,
Brazzaville,Brazzaville,RCB,Malebo Pool
Pointe-Noire,Pointe-Noire,RCB,
Kinshasa,Kinshasa,CGO,Malebo Pool
Matadi,Kongo Central,CGO,
Boma,Kongo Central,CGO,
Bandundu,Kwilu,CGO,
Bandundu,Kwilu,CGO,
Bandundu,Kwilu,CGO,
Kikwit,Kwilu,CGO,
Inongo,Mai-Ndombe,CGO,Lake Mai Ndombe
Luebo,Kasai,CGO,
Tshikapa,Kasai,CGO,
Kananga,Kasai-Central,CGO,
Lodja,Sankuru,CGO,
Kindu,Maniema,CGO,
Bukavu,Sud-Kivu,CGO,Lake Kivu
Uvira,Sud-Kivu,CGO,Lake Tanganjika
Goma,Nord-Kivu,CGO,Lake Kivu
Kisangani,Tshopo,CGO,
Kisangani,Tshopo,CGO,
Gbadolite,Nord-Ubangi,CGO,
Lisala,Mongala,CGO,
Mbandaka,Équateur,CGO,
Mbandaka,Équateur,CGO,
Boende,Tshuapa,CGO,
Kalemi,Tanganyika,CGO,Lake Tanganjika
Kamina,Haut-Lomami,CGO,
Cabinda,Cabinda,ANG,
Luanda,Luanda,ANG,
Sumbe,Cuanza Sul,ANG,
Benguela,Benguela,ANG,
Lobito,Benguela,ANG,
Moçâmedes,Namibe,ANG,
Rundu,Namibia,NAM,
Walvis Bay,Namibia,NAM,
Nelson Mandela Bay,Eastern Cape,RSA,
Buffalo City,Eastern Cape,RSA,
eThekwini,KwaZulu-Natal,RSA,
Cape Town,Western Cape,RSA,
Pemba,Cabo Delgado,MOC,
Xai-Xai,Gaza,MOC,
Inhambane,Inhambane,MOC,
Beira,Sofala,MOC,
Tete,Tete,MOC,
Quelimane,Zambézia,MOC,
Maputo,Cidade de Maputo,MOC,
Kitwe,Copperbelt,Z,
Chingola,Copperbelt,Z,
Livingstone,Southern,Z,
Tanga,Tanga,EAT,
Dar es Salaam,Dar es Salaam,EAT,
Lindi,Lindi,EAT,
Mtwara,Mtwara,EAT,
Kigoma-Ujiji,Kigoma,EAT,Lake Tanganjika
Bukoba,Kagera,EAT,Lake Victoria
Mwanza,Mwanza,EAT,Lake Victoria
Musoma,Mara,EAT,Lake Victoria
Zanzibar,Zanzibar,EAT,
Njombe,Njombe,EAT,
Bujumbura,Burundi,BI,Lake Tanganjika
Gitega,Burundi,BI,
Gisenyi,Rwanda,RWA,Lake Kivu
Kampala,Central,EAU,Lake Victoria
Mukono,Central,EAU,Lake Victoria
Jinja,Eastern,EAU,Lake Victoria
Mombasa,Kenya,EAK,
Malindi,Kenya,EAK,
Kisumu,Kenya,EAK,Lake Victoria
Mogadishu,Somalia,SO,
Kismayo,Somalia,SO,
Berbera,Somalia,SO,
Djibouti,Djibouti,DJI,
Gambella,Gambella,ETH,
Arba Minch,Southern,ETH,
Asmara,Eritrea,ER,
Massaua,Eritrea,ER,
Praia,Cape Verde,CV,
São Tomé,Sao Tome and Principe,STP,
Victoria,Seychelles,SY,
Moroni,Comoros,COM,
Mamoutzou,Mayotte,MYT,
Fianarantsoa,Madagascar,RM,
Majunga,Madagascar,RM,
Tamatave,Madagascar,RM,
Toliara,Madagascar,RM,
Port Louis,Mauritius,MS,
Saint-Denis,Reunion,RE,
Saint-Paul,Reunion,RE,
Jamestown,Saint Helena,HELX,
Nuuk,Greenland,GL,
Saint-Pierre,Saint Pierre and Miquelon,SPM,
Hamilton,Bermuda,BM,
Edmonton,Alberta,CDN,
Calgary,Alberta,CDN,
Vancouver,British Columbia,CDN,
Victoria,British Columbia,CDN,
Saanich,British Columbia,CDN,
Winnipeg,Manitoba,CDN,
St. John's,Newfoundland and Labrador,CDN,
Yellowknife,Northwest Territories,CDN,Great Slave Lake
Halifax,Nova Scotia,CDN,
Ottawa,Ontario,CDN,
Gatineau,Ontario,CDN,
Hamilton,Ontario,CDN,Lake Ontario
Toronto,Ontario,CDN,Lake Ontario
Windsor,Ontario,CDN,
Oshawa,Ontario,CDN,Lake Ontario
Mississauga,Ontario,CDN,Lake Ontario
Burlington,Ontario,CDN,Lake Ontario
Saint Catharines,Ontario,CDN,Lake Ontario
Thunder Bay,Ontario,CDN,Lake Superior
Charlottetown,Prince Edward Island,CDN,
Laval,Quebec,CDN,
Montréal,Quebec,CDN,
Quebec,Quebec,CDN,
Longueuil,Quebec,CDN,
Saskatoon,Saskatchewan,CDN,
Whitehorse,Yukon,CDN,
Iqaluit,Nunavut,CDN,
Mobile,Alabama,USA,
Huntsville,Alabama,USA,
Anchorage,Alaska,USA,
Juneau,Alaska,USA,
Phoenix,Arizona,USA,
Little Rock,Arkansas,USA,
Los Angeles,California,USA,
San Diego,California,USA,
San Francisco,California,USA,
San Francisco,California,USA,
Long Beach,California,USA,
Fresno,California,USA,
Sacramento,California,USA,
Oakland,California,USA,
Stockton,California,USA,
Huntington Beach,California,USA,
Fremont,California,USA,
Oxnard,California,USA,
Oceanside,California,USA,
Hayward,California,USA,
Vallejo,California,USA,
Richmond,California,USA,
Denver,Colorado,USA,
Bridgeport,Connecticut,USA,
Hartford,Connecticut,USA,
New Haven,Connecticut,USA,
Stamford,Connecticut,USA,
Jacksonville,Florida,USA,
Miami,Florida,USA,
Tampa,Florida,USA,
St. Petersburg,Florida,USA,
Fort Lauderdale,Florida,USA,
Hollywood,Florida,USA,
Cape Coral,Florida,USA,
Clearwater,Florida,USA,
Port St. Lucie,Florida,USA,
Savannah,Georgia,USA,
Augusta,Georgia,USA,
Honolulu,Hawaii,USA,
Hilo,Hawaii,USA,
Chicago,Illinois,USA,Lake Michigan
Evansville,Indiana,USA,
Wichita,Kansas,USA,
Kansas City,Kansas,USA,
Louisville,Kentucky,USA,
New Orleans,Louisiana,USA,
Baton Rouge,Louisiana,USA,
Portland,Maine,USA,
Annapolis,Maryland,USA,
Boston,Massachusetts,USA,
Springfield,Massachusetts,USA,
Detroit,Michigan,USA,
Minneapolis,Minnesota,USA,
St. Paul,Minnesota,USA,
Kansas City,Missouri,USA,
St. Louis,Missouri,USA,
St. Louis,Missouri,USA,
Independence,Missouri,USA,
Jefferson City,Missouri,USA,
Omaha,Nebraska,USA,
Reno,Nevada,USA,
Concord,New Hampshire,USA,
Newark,New Jersey,USA,
Jersey City,New Jersey,USA,
Elizabeth,New Jersey,USA,
Albuquerque,New Mexico,USA,
New York,New York,USA,
Buffalo,New York,USA,Lake Erie
Rochester,New York,USA,Lake Ontario
Yonkers,New York,USA,
Albany,New York,USA,
Bismarck,North Dakota,USA,Lake Oahe
Cleveland,Ohio,USA,Lake Erie
Cincinnati,Ohio,USA,
Toledo,Ohio,USA,Lake Erie
Tulsa,Oklahoma,USA,
Portland,Oregon,USA,
Philadelphia,Pennsylvania,USA,
Pittsburgh,Pennsylvania,USA,
Erie,Pennsylvania,USA,Lake Erie
Harrisburg,Pennsylvania,USA,
Providence,Rhode Island,USA,
Charleston,South Carolina,USA,
Pierre,South Dakota,USA,Lake Oahe
Memphis,Tennessee,USA,
Knoxville,Tennessee,USA,
Chattanooga,Tennessee,USA,
El Paso,Texas,USA,
Corpus Christi,Texas,USA,
Waco,Texas,USA,
Salt Lake City,Utah,USA,Great Salt Lake
Norfolk,Virginia,USA,
Chesapeake,Virginia,USA,
Newport News,Virginia,USA,
Arlington,Virginia,USA,
Alexandria,Virginia,USA,
Vancouver,Washington,USA,
Milwaukee,Wisconsin,USA,Lake Michigan
Washington,District of Columbia,USA,
Tijuana,Baja California,MEX,
Ensenada,Baja California,MEX,
La Paz,Baja California Sur,MEX,
Cabo San Lucas,Baja California Sur,MEX,
Campeche,Campeche,MEX,
Tuxtla Gutiérrez,Chiapas,MEX,
Ciudad Juárez,Chihuahua,MEX,
Irapuato,Guanajuato,MEX,
Acapulco,Guerrero,MEX,
Guadalajara,Jalisco,MEX,
Cancún,Quintana Roo,MEX,
Chetumal,Quintana Roo,MEX,
Playa del Carmen,Quintana Roo,MEX,
Mazatlán,Sinaloa,MEX,
Los Mochis,Sinaloa,MEX,
Villahermosa,Tabasco,MEX,
Tampico,Tamaulipas,MEX,
Matamoros,Tamaulipas,MEX,
Reynosa,Tamaulipas,MEX,
Nuevo Laredo,Tamaulipas,MEX,
Ciudad Madero,Tamaulipas,MEX,
Coatzacoalcos,Veracruz,MEX,
Veracruz,Veracruz,MEX,
Boca del Río,Veracruz,MEX,
Belmopan,Belize,BZ,
Belize City,Belize,BZ,
La Ceiba,Atlántida,HN,
Trujillo,Colón,HN,
Puerto Cortes,Cortés,HN,
Puerto Lempira,Gracias a Dios,HN,
Managua,Nicaragua,NIC,Lake Managua
Granada,Nicaragua,NIC,Lake Nicaragua
Tipitapa,Nicaragua,NIC,Lake Managua
Puntarenas,Puntarenas,CR,
Limón,Limón,CR,
Bocas del Toro,Bocas del Toro,PA,
Changuinola,Bocas del Toro,PA,
Colón,Colón,PA,
El Porvenir,Guna Yala,PA,
La Palma,Darién,PA,
Panamá City,Panamá,PA,
Nassau,Bahamas,BS,
Grand Turk,Turks and Caicos Islands,TUCA,
George Town,Cayman Islands,CYM,
Cienfuegos,Cienfuegos,C,
La Habana,La Habana,C,
Manzanillo,Granma,C,
Guantánamo,Guantánamo,C,
Santiago de Cuba,Santiago de Cuba,C,
Kingston,Jamaica,JA,
Port-au-Prince,Haiti,RH,
Carrefour,Haiti,RH,
Delmas,Haiti,RH,
Pétion-Ville,Haiti,RH,
Gonaïves,Haiti,RH,
Cap-Haïtien,Haiti,RH,
Santo Domingo,Dominican Republic,DOM,
Puerto Plata,Dominican Republic,DOM,
San Juan,Puerto Rico,PR,
Ponce,Puerto Rico,PR,
Carolina,Puerto Rico,PR,
Charlotte Amalie,Virgin Islands,VIRG,
Road Town,British Virgin Islands,BVI,
The Valley,Anguilla,AXA,
Marigot,Saint Martin,SMAR,
Philipsburg,Sint Maarten,SX,
Gustavia,Saint Barthelemy,SBAR,
Basseterre,Saint Kitts and Nevis,KN,
St. John's,Antigua and Barbuda,AG,
Plymouth,Montserrat,MNTS,
Brades,Montserrat,MNTS,
Basse-Terre,Guadeloupe,GP,
Roseau,Dominica,WD,
Fort-de-France,Martinique,MQ,
Castries,Saint Lucia,WL,
Bridgetown,Barbados,BDS,
Kingstown,Saint Vincent and the Grenadines,WV,
Saint George's,Grenada,WG,
Port-of-Spain,Trinidad and Tobago,TT,
Kralendijk,Bonaire,NLB,
Willemstad,Curacao,CUR,
Oranjestad,Aruba,ARU,
Puerto Ayacucho,Amazonas,YV,
Barcelona,Anzoátegui,YV,
Puerto La Cruz,Anzoátegui,YV,
San Fernando,Apure,YV,
Ciudad Bolívar,Bolívar,YV,
Ciudad Guayana,Bolívar,YV,
Puerto Cabello,Carabobo,YV,
Tucupita,Delta Amacuro,YV,
Santa Ana de Coro,Falcón,YV,
Cumaná,Sucre,YV,
Maracaibo,Zulia,YV,
Maracaibo,Zulia,YV,
Cabimas,Zulia,YV,
La Guaira,Vargas,YV,
Catia La Mar,Vargas,YV,
Georgetown,Guyana,GUY,
Paramaribo,Suriname,SME,
Cayenne,French Guiana,GF,
Leticia,Amazonas,CO,
Arauca,Arauca,CO,
Cartagena,Bolívar,CO,
Magangué,Bolívar,CO,
Popayán,Cauca,CO,
Soacha,Cundinamarca,CO,
Riohacha,La Guajira,CO,
San Jose del Guaviare,Guaviare,CO,
Neiva,Huila,CO,
Santa Marta,Magdalena,CO,
Ciénaga,Magdalena,CO,
San Andres,"San Andrés, Providencia y Santa Catalina",CO,
Bogotá,Bogotá Distrito Especial,CO,
Barrancabermeja,Santander,CO,
Cali,Valle de Cauca,CO,
Buenaventura,Valle de Cauca,CO,
Tuluá,Valle de Cauca,CO,
Cartago,Valle de Cauca,CO,
Puerto Carreno,Vichada,CO,
Puerto Carreno,Vichada,CO,
Guayaquil,Ecuador,EC,
Chimbote,Ancash,PE,
Callao,Callao,PE,
Huánuco,Huánuco,PE,
Huancayo,Junín,PE,
Trujillo,La Libertad,PE,
Chiclayo,Lambayeque,PE,
Lima,Lima City,PE,
Iquitos,Loreto,PE,
Puerto Maldonado,Madre de Dios,PE,
Talara,Piura,PE,
Tumbes,Tumbes,PE,
Pucallpa,Ucayali,PE,
Cobija,Pando,BOL,
Iquique,Tarapacá,RCH,
Antofagasta,Antofagasta,RCH,
La Serena,Coquimbo,RCH,
Valparaíso,Valparaíso,RCH,
Concepción,Bío-Bío,RCH,
Puerto Montt,Lagos,RCH,
Punta Arenas,Magallanes,RCH,
Valdivia,Ríos,RCH,
Arica,Arica y Parinacota,RCH,
La Plata,Buenos Aires,RA,
Mar del Plata,Buenos Aires,RA,
San Isidro,Buenos Aires,RA,
Bahía Blanca,Buenos Aires,RA,
Resistencia,Chaco,RA,
Comodoro Rivadavia,Chubut,RA,
Rawson,Chubut,RA,
Corrientes,Corrientes,RA,
Paraná,Entre Ríos,RA,
Concordia,Entre Ríos,RA,
Formosa,Formosa,RA,
Posadas,Misiones,RA,
Neuquén,Neuquén,RA,
Neuquén,Neuquén,RA,
Viedma,Río Negro,RA,
Bariloche,Río Negro,RA,
Río Gallegos,Santa Cruz,RA,
Santa Fe,Santa Fe,RA,
Rosario,Santa Fe,RA,
Santiago del Estero,Santiago de Estero,RA,
Ushuaia,Tierra del Fuego,RA,
San Miguel de Tucumán,Tucumán,RA,
Buenos Aires,Distrito Federal,RA,
Asunción,Paraguay,PY,
Ciudad del Este,Paraguay,PY,
Montevideo,Uruguay,ROU,
Salto,Uruguay,ROU,
Rio Branco,Acre,BR,
Maceió,Alagoas,BR,
Macapá,Amapá,BR,
Manaus,Amazonas,BR,
Manaus,Amazonas,BR,
Salvador,Bahia,BR,
Ilhéus,Bahia,BR,
Juazeiro,Bahia,BR,
Camaçari,Bahia,BR,
Lauro de Freitas,Bahia,BR,
Porto Seguro,Bahia,BR,
Fortaleza,Ceará,BR,
Vitória,Espírito Santo,BR,
Vila Velha,Espírito Santo,BR,
Serra,Espírito Santo,BR,
São Luís,Maranhão,BR,
Imperatriz,Maranhão,BR,
Cuiabá,Mato Grosso,BR,
Belém,Pará,BR,
Santarém,Pará,BR,
Santarém,Pará,BR,
Marabá,Pará,BR,
João Pessoa,Paraíba,BR,
Curitiba,Paraná,BR,
Foz do Iguaçu,Paraná,BR,
Foz do Iguaçu,Paraná,BR,
Paranaguá,Paraná,BR,
Recife,Pernambuco,BR,
Petrolina,Pernambuco,BR,
Teresina,Piauí,BR,
Parnaíba,Piauí,BR,
Rio de Janeiro,Rio de Janeiro,BR,
São Gonçalo,Rio de Janeiro,BR,
Duque de Caxias,Rio de Janeiro,BR,
Niterói,Rio de Janeiro,BR,
Campos dos Goytacazes,Rio de Janeiro,BR,
Volta Redonda,Rio de Janeiro,BR,
Magé,Rio de Janeiro,BR,
Itaboraí,Rio de Janeiro,BR,
Macaé,Rio de Janeiro,BR,
Cabo Frio,Rio de Janeiro,BR,
Barra Mansa,Rio de Janeiro,BR,
Angra dos Reis,Rio de Janeiro,BR,
Natal,Rio Grande do Norte,BR,
Parnamirim,Rio Grande do Norte,BR,
Porto Alegre,Rio Grande do Sul,BR,
Rio Grande,Rio Grande do Sul,BR,
Uruguaiana,Rio Grande do Sul,BR,
Porto Velho,Rondônia,BR,
Florianópolis,Santa Catarina,BR,
São José,Santa Catarina,BR,
Itajaí,Santa Catarina,BR,
São Paulo,São Paulo,BR,
Osasco,São Paulo,BR,
Guarulhos,São Paulo,BR,
Itaquaquecetuba,São Paulo,BR,
São José dos Campos,São Paulo,BR,
Santos,São Paulo,BR,
Mogi das Cruzes,São Paulo,BR,
São Vicente,São Paulo,BR,
Guarujá,São Paulo,BR,
Taubaté,São Paulo,BR,
Suzano,São Paulo,BR,
Barueri,São Paulo,BR,
Jacareí,São Paulo,BR,
Pindamonhangaba,São Paulo,BR,
Praia Grande,São Paulo,BR,
Aracaju,Sergipe,BR,
Palmas,Tocantins,BR,
Stanley,Falkland Islands,FALK,
